time,magnetizing current,I1 A,I2 A,Q1,Q2,Q3,Q4
0.0,-2.463480219704527,15.27771414590161,124.18836055924297,1,0,0,1
2.5000000000000002e-08,-2.2831933309078796,15.491085834270441,124.41995415624825,1,0,0,1
5.0000000000000004e-08,-2.126947228371095,15.680672845571376,124.6533405175973,1,0,0,1
7.500000000000001e-08,-1.9868872753635105,15.85433584184985,124.88856182049352,1,0,0,1
1.0000000000000001e-07,-1.8620335806906276,16.013060979251716,125.12566191959641,1,0,0,1
1.2500000000000002e-07,-1.767400742102482,16.141809606002948,125.36447243673801,1,0,0,1
1.5000000000000002e-07,-1.6874380154519535,16.25611015726841,125.60483720904253,1,0,0,1
1.7500000000000002e-07,-1.6167364664819988,16.361375950077964,125.84678691591975,1,0,0,1
2.0000000000000002e-07,-1.5526025345686534,16.460305073741342,126.09035325816996,1,0,0,1
2.2500000000000002e-07,-1.493452751329419,16.55448567812571,126.3355690061859,1,0,0,1
2.5000000000000004e-07,-1.4382589875885556,16.64495073399963,126.58246805111729,1,0,0,1
2.75e-07,-1.3863074304649625,16.732419063709752,126.83108545922302,1,0,0,1
3.0000000000000004e-07,-1.3370778557870724,16.817416077021132,127.08145752965743,1,0,0,1
3.25e-07,-1.2901768874470172,16.900340520547136,127.33362185595907,1,0,0,1
3.5000000000000004e-07,-1.245298308656987,16.981504175848183,127.5876173915362,1,0,0,1
3.75e-07,-1.2021980901906242,17.061156841162337,127.84348451947072,1,0,0,1
4.0000000000000003e-07,-1.1606779543829768,17.139502778044694,128.1012651269937,1,0,0,1
4.2500000000000006e-07,-1.1205741509802798,17.216711946879727,128.36100268502003,1,0,0,1
4.5000000000000003e-07,-1.0817495527128431,17.292927923454076,128.62274233316845,1,0,0,1
4.7500000000000006e-07,-1.044087941642341,17.36827362560569,128.8865309707362,1,0,0,1
5.000000000000001e-07,-1.0074897855097944,17.442855550796708,129.1524173541455,1,0,0,1
5.250000000000001e-07,-0.9718690541490941,17.51676697462712,129.4204522014335,1,0,0,1
5.5e-07,-0.9371112679936661,17.59012991835168,129.6906883044174,1,0,0,1
5.75e-07,-0.9031463378713424,17.66302232630505,129.96318064923474,1,0,0,1
6.000000000000001e-07,-0.8699219966935916,17.735504652740065,130.2379865460356,1,0,0,1
6.25e-07,-0.8373915011042137,17.807586024227728,130.5148426773236,1,0,0,1
6.5e-07,-0.8055128451406786,17.879307791030982,130.79374445320164,1,0,0,1
6.750000000000001e-07,-0.7742481124837398,17.9507144280246,131.0747377835584,1,0,0,1
7.000000000000001e-07,-0.7435629385200399,18.021847107043865,131.35787031894733,1,0,0,1
7.25e-07,-0.7134260602555309,18.09274416035896,131.64319154430146,1,0,0,1
7.5e-07,-0.6838089371327758,18.163441474185845,131.93075287923034,1,0,0,1
7.750000000000001e-07,-0.6546854295424585,18.233972825525193,132.22060778547356,1,0,0,1
8.000000000000001e-07,-0.6260315246359909,18.304370172813144,132.51281188214395,1,0,0,1
8.25e-07,-0.5978251011910615,18.37466390873204,132.80742306946172,1,0,0,1
8.500000000000001e-07,-0.570045726931378,18.444883081890925,133.10450166175613,1,0,0,1
8.750000000000001e-07,-0.5426744829816966,18.51505559281784,133.40411053059677,1,0,0,1
9.000000000000001e-07,-0.5156938111406959,18.585208368718305,133.70631525901302,1,0,0,1
9.25e-07,-0.4890873804440836,18.65536752068005,134.01118430786892,1,0,0,1
9.500000000000001e-07,-0.46283997011786204,18.725558486394167,134.3187891955842,1,0,0,1
9.75e-07,-0.43693736652372517,18.795806160981005,134.6292046925331,1,0,0,1
1.0000000000000002e-06,-0.41136627210285076,18.866135018127334,134.94250903161128,1,0,0,1
1.0250000000000001e-06,-0.38611422465191697,18.936569223440106,135.25878413664415,1,0,0,1
1.0500000000000001e-06,-0.361169525532127,19.00708258530419,135.5777647758542,1,0,0,1
1.075e-06,-0.3365211756307755,19.07768474612756,135.89944145230834,1,0,0,1
1.1e-06,-0.3121588180750801,19.148395968102268,136.22388350324144,1,0,0,1
1.125e-06,-0.28807268684715986,19.219236353793352,136.55116328448358,1,0,0,1
1.15e-06,-0.2642535605730927,19.290225919064294,136.8813563574617,1,0,0,1
1.1750000000000002e-06,-0.24069272086261845,19.361384663615816,137.21454169134904,1,0,0,1
1.2000000000000002e-06,-0.21738191466299614,19.432732639892453,137.55080188188816,1,0,0,1
1.2250000000000001e-06,-0.19431332016376107,19.504290021064538,137.8902233885981,1,0,0,1
1.25e-06,-0.17147951585105983,19.57607716876152,138.23289679228805,1,0,0,1
1.275e-06,-0.1488734523628046,19.648114701214507,138.57891707504118,1,0,0,1
1.3e-06,-0.12648842684066122,19.720423562460795,138.9283839251102,1,0,0,1
1.325e-06,-0.10431805951315024,19.793025093270565,139.281402069486,1,0,0,1
1.3500000000000002e-06,-0.08235627227694946,19.86594110447578,139.63808163726912,1,0,0,1
1.3750000000000002e-06,-0.0605972690717059,19.939193953414186,139.99853855740125,1,0,0,1
1.4000000000000001e-06,-0.039035517868009476,20.012806624247496,140.36289499480853,1,0,0,1
1.4250000000000001e-06,-0.017665734109242204,20.0863482805367,140.7280981025216,1,0,0,1
1.45e-06,0.003517134533710997,20.15982299375005,141.09414101451438,1,0,0,1
1.475e-06,0.02457803834258947,20.233296544999583,141.46102954659895,1,0,0,1
1.5e-06,0.04582100806104356,20.30707380548871,141.82876958199367,1,0,0,1
1.5250000000000002e-06,0.06725083440770133,20.381160416182187,142.1973670724214,1,0,0,1
1.5500000000000002e-06,0.08887252156667531,20.455562241456853,142.56682803923124,1,0,0,1
1.5750000000000002e-06,0.11069130072774762,20.530285382805427,142.93715857454376,1,0,0,1
1.6000000000000001e-06,0.13271264475001412,20.605336193667252,143.30836484242067,1,0,0,1
1.6250000000000001e-06,0.1549422840649578,20.68072129550202,143.68045308005944,1,0,0,1
1.65e-06,0.17738622394932832,20.75644759523696,144.05342959901344,1,0,0,1
1.675e-06,0.2000507633147165,20.83252230423451,144.42730078643854,1,0,0,1
1.7000000000000002e-06,0.22294251517968303,20.908952958946333,144.80207310636655,1,0,0,1
1.7250000000000002e-06,0.24606842901215312,20.985747443441653,145.1777531010065,1,0,0,1
1.7500000000000002e-06,0.2694358151550306,21.062885605561252,145.55414853284356,1,0,0,1
1.7750000000000002e-06,0.2930523715772222,21.140343950441306,145.93104105204858,1,0,0,1
1.8000000000000001e-06,0.3169262132262274,21.218130874998216,146.3084326324039,1,0,0,1
1.825e-06,0.34106590429803063,21.296255227267338,146.68632526078514,1,0,0,1
1.85e-06,0.3654804937862953,21.374726341969613,147.0647209372832,1,0,0,1
1.8750000000000003e-06,0.3901795547271255,21.45355407977392,147.44362167532756,1,0,0,1
1.9000000000000002e-06,0.4151732276195211,21.532748870735404,147.82302950181116,1,0,0,1
1.925e-06,0.4404722685770838,21.612321762465182,148.2029464572167,1,0,0,1
1.95e-06,0.46608810285596264,21.692284473676626,148.58337459574463,1,0,0,1
1.975e-06,0.4920328845104748,21.772649453859394,148.96431598544243,1,0,0,1
2.0000000000000003e-06,0.5183195630550697,21.853429949960173,149.34577270833572,1,0,0,1
2.025e-06,0.5449619581640295,21.934640081101293,149.72774686056084,1,0,0,1
2.0500000000000003e-06,0.5719748436244678,22.016294922552913,150.1102405524991,1,0,0,1
2.075e-06,0.5993740419813374,22.09847503167222,150.49370692783617,1,0,0,1
2.1000000000000002e-06,0.627176531584896,22.181359453272886,150.87928045181593,1,0,0,1
2.125e-06,0.6554005680837515,22.264971451190643,151.26699618174823,1,0,0,1
2.15e-06,0.6840658228161512,22.349335845221812,151.65689015683964,1,0,0,1
2.1750000000000004e-06,0.7131935410593602,22.43447917493076,152.0489994370998,1,0,0,1
2.2e-06,0.7428067237289935,22.52042988719347,152.44336214425132,1,0,0,1
2.2250000000000003e-06,0.7729303369130113,22.607218551880205,152.84001750477037,1,0,0,1
2.25e-06,0.8035915546266972,22.694878111083245,153.23900589519585,1,0,0,1
2.2750000000000002e-06,0.8348200414498254,22.783444168571833,153.64036888985407,1,0,0,1
2.3e-06,0.8666482833429615,22.872955327794223,154.04414931115883,1,0,0,1
2.325e-06,0.8991119770565867,22.963453588864912,154.45039128265827,1,0,0,1
2.3500000000000004e-06,0.9322504913111219,23.054984817741715,154.85914028501415,1,0,0,1
2.375e-06,0.9661074165717682,23.147599304445215,155.27044321511414,1,0,0,1
2.4000000000000003e-06,1.0007312251015923,23.241317028250386,155.68410062204154,1,0,0,1
2.425e-06,1.0361771388009424,23.33618029919412,156.10002212275225,1,0,0,1
2.4500000000000003e-06,1.0725595041976066,23.43230882361808,156.5182452359433,1,0,0,1
2.475e-06,1.1099559545553102,23.529785744116463,156.93880852692806,1,0,0,1
2.5e-06,1.148455409822621,23.62870564538528,157.36175164893862,1,0,0,1
2.5250000000000004e-06,1.1881605046942183,23.729176988486586,157.7871153865466,1,0,0,1
2.55e-06,1.2291907295199438,23.831325258282234,158.21494170133604,1,0,0,1
2.5750000000000003e-06,1.271686556787235,23.935297096783426,158.64527377997334,1,0,0,1
2.6e-06,1.3158149580248333,24.04126582728613,159.07815608482906,1,0,0,1
2.6250000000000003e-06,1.361776927666314,24.149438985854857,159.5136344073198,1,0,0,1
2.65e-06,1.4098179805524587,24.26006882685964,159.9517559241503,1,0,0,1
2.6750000000000002e-06,1.460243190415646,24.373467369937185,160.39256925665077,1,0,0,1
2.7000000000000004e-06,1.5134394116676821,24.489813327070056,160.8346174078166,1,0,0,1
2.725e-06,1.5699093486783453,24.60958431067478,161.27772473397505,1,0,0,1
2.7500000000000004e-06,1.630326171754253,24.73345458306792,161.7218988791957,1,0,0,1
2.775e-06,1.695626033089754,24.862361401645963,162.16714757989348,1,0,0,1
2.8000000000000003e-06,1.7671761371958896,24.997673089538377,162.6134786663974,1,0,0,1
2.825e-06,1.8471094537285395,25.141523748664817,163.06090006455395,1,0,0,1
2.8500000000000002e-06,1.9390812750799007,25.297569817560692,163.50941979736555,1,0,0,1
2.8750000000000004e-06,2.050331580689075,25.473052435927038,163.95904598666573,1,0,0,1
2.9e-06,2.183620771348402,25.670733179181433,164.40978685483122,1,0,0,1
2.9250000000000004e-06,2.329149031016719,25.88081342052139,164.86165072653267,1,0,0,1
2.95e-06,2.4908929171225065,26.10727092148315,165.3146460305245,1,0,0,1
2.9750000000000003e-06,2.6754986984789855,26.356513458955966,165.76710332333886,1,0,0,1
3e-06,2.8956147030985337,26.641085165596202,166.21829323748366,1,0,0,1
3.0250000000000003e-06,2.8956147030985337,2.8956147030985337,165.57051716204157,0,1,0,1
3.0500000000000004e-06,2.8956147030985337,2.8956147030985337,164.92014014925107,0,1,0,1
3.075e-06,2.8956147030985337,2.8956147030985337,164.26774397354384,0,1,0,1
3.1000000000000004e-06,2.8956147030985337,2.8956147030985337,163.61769856283286,0,1,0,1
3.125e-06,2.8956147030985337,2.8956147030985337,162.9699786574689,0,1,0,1
3.1500000000000003e-06,2.8956147030985337,2.8956147030985337,162.3245594472745,0,1,0,1
3.175e-06,2.8956147030985337,2.8956147030985337,161.68141656042025,0,1,0,1
3.2000000000000003e-06,2.8956147030985337,2.8956147030985337,161.0405260526529,0,1,0,1
3.2250000000000005e-06,2.8956147030985337,2.8956147030985337,160.40186439686155,0,1,0,1
3.2500000000000002e-06,2.8956147030985337,2.8956147030985337,159.76540847296897,0,1,0,1
3.2750000000000004e-06,2.8956147030985337,2.8956147030985337,159.13241648875558,0,1,0,1
3.3e-06,2.8956147030985337,2.8956147030985337,158.50497959300586,0,1,0,1
3.3250000000000004e-06,2.8956147030985337,2.8956147030985337,157.88295364220696,0,1,0,1
3.35e-06,2.8956147030985337,2.8956147030985337,157.26620063094273,0,1,0,1
3.3750000000000003e-06,2.8956147030985337,2.8956147030985337,156.6545883316638,0,1,0,1
3.4000000000000005e-06,2.8956147030985337,2.8956147030985337,156.04798996121508,0,1,0,1
3.4250000000000002e-06,2.8956147030985337,2.8956147030985337,155.44628387172887,0,1,0,1
3.4500000000000004e-06,2.8956147030985337,2.8956147030985337,154.84935326374108,0,1,0,1
3.475e-06,2.8956147030985337,2.8956147030985337,154.2572823027777,0,1,0,1
3.5000000000000004e-06,2.8956147030985337,2.8956147030985337,153.67052098652925,0,1,0,1
3.525e-06,2.8956147030985337,2.8956147030985337,153.08892857050407,0,1,0,1
3.5500000000000003e-06,2.8956147030985337,2.8956147030985337,152.51237043072797,0,1,0,1
3.5750000000000005e-06,2.8956147030985337,2.8956147030985337,151.9407176970464,0,1,0,1
3.6000000000000003e-06,2.8956147030985337,2.8956147030985337,151.3738469142238,0,1,0,1
3.6250000000000004e-06,2.8956147030985337,2.8956147030985337,150.81163972830544,0,1,0,1
3.65e-06,2.8956147030985337,2.8956147030985337,150.25398259597642,0,1,0,1
3.6750000000000004e-06,2.8956147030985337,2.8956147030985337,149.70076651488813,0,1,0,1
3.7e-06,2.8956147030985337,2.8956147030985337,149.1501370076037,0,1,0,1
3.7250000000000003e-06,2.8956147030985337,2.8956147030985337,148.60058490146884,0,1,0,1
3.7500000000000005e-06,2.8956147030985337,2.8956147030985337,148.05210389268282,0,1,0,1
3.7750000000000003e-06,2.8956147030985337,2.8956147030985337,147.5046877387017,0,1,0,1
3.8000000000000005e-06,2.8956147030985337,2.8956147030985337,146.95833025740788,0,1,0,1
3.825000000000001e-06,2.8956147030985337,2.8956147030985337,146.41302532629425,0,1,0,1
3.85e-06,2.8956147030985337,2.8956147030985337,145.86876688166234,0,1,0,1
3.875e-06,2.8956147030985337,2.8956147030985337,145.32554891783425,0,1,0,1
3.9e-06,2.8956147030985337,2.8956147030985337,144.78336548637824,0,1,0,1
3.9250000000000005e-06,2.8956147030985337,2.8956147030985337,144.24255825168856,0,1,0,1
3.95e-06,2.8956147030985337,2.8956147030985337,143.70363428752134,0,1,0,1
3.975e-06,2.8956147030985337,2.8956147030985337,143.16657403291111,0,1,0,1
4.000000000000001e-06,2.8956147030985337,2.8956147030985337,142.6313582634177,0,1,0,1
4.0250000000000004e-06,2.8956147030985337,2.8956147030985337,142.09796808307226,0,1,0,1
4.05e-06,2.8956147030985337,2.8956147030985337,141.56638491656972,0,1,0,1
4.075e-06,2.8956147030985337,2.8956147030985337,141.03659050169813,0,1,0,1
4.1000000000000006e-06,2.8956147030985337,2.8956147030985337,140.5085668819965,0,1,0,1
4.125e-06,2.8956147030985337,2.8956147030985337,139.98229639963247,0,1,0,1
4.15e-06,2.8956147030985337,2.8956147030985337,139.4579820807628,0,1,0,1
4.175000000000001e-06,2.8956147030985337,2.8956147030985337,138.94178668271832,0,1,0,1
4.2000000000000004e-06,2.8956147030985337,2.8956147030985337,138.43334254358365,0,1,0,1
4.225e-06,2.8956147030985337,2.8956147030985337,137.93230901552386,0,1,0,1
4.25e-06,2.8956147030985337,2.8956147030985337,137.43836975989134,0,1,0,1
4.2750000000000006e-06,2.8956147030985337,2.8956147030985337,136.95123038137928,0,1,0,1
4.3e-06,2.8956147030985337,2.8956147030985337,136.47061635062684,0,1,0,1
4.325e-06,2.8956147030985337,2.8956147030985337,135.99627117337712,0,1,0,1
4.350000000000001e-06,2.8956147030985337,2.8956147030985337,135.5279547713027,0,1,0,1
4.3750000000000005e-06,2.8956147030985337,2.8956147030985337,135.06544204530647,0,1,0,1
4.4e-06,2.8956147030985337,2.8956147030985337,134.60852159675107,0,1,0,1
4.425e-06,2.8956147030985337,2.8956147030985337,134.15773175801996,0,1,0,1
4.450000000000001e-06,2.8956147030985337,2.8956147030985337,133.71294936026965,0,1,0,1
4.475e-06,2.8956147030985337,2.8956147030985337,133.27393945253152,0,1,0,1
4.5e-06,2.8956147030985337,2.8956147030985337,132.84048204719883,0,1,0,1
4.525000000000001e-06,2.8956147030985337,2.8956147030985337,132.41237081673012,0,1,0,1
4.5500000000000005e-06,2.8956147030985337,2.8956147030985337,131.98941193294624,0,1,0,1
4.575e-06,2.8956147030985337,2.8956147030985337,131.57142303028604,0,1,0,1
4.6e-06,2.8956147030985337,2.8956147030985337,131.15823227719923,0,1,0,1
4.625000000000001e-06,2.8956147030985337,2.8956147030985337,130.74967754218963,0,1,0,1
4.65e-06,2.8956147030985337,2.8956147030985337,130.34560564296734,0,1,0,1
4.675e-06,2.8956147030985337,2.8956147030985337,129.94587166879668,0,1,0,1
4.700000000000001e-06,2.8956147030985337,2.8956147030985337,129.55044239728275,0,1,0,1
4.7250000000000005e-06,2.8956147030985337,2.8956147030985337,129.15982327780205,0,1,0,1
4.75e-06,2.8956147030985337,2.8956147030985337,128.77384226371856,0,1,0,1
4.775e-06,2.8956147030985337,2.8956147030985337,128.39233734880665,0,1,0,1
4.800000000000001e-06,2.8956147030985337,2.8956147030985337,128.01515576435128,0,1,0,1
4.825e-06,2.8956147030985337,2.8956147030985337,127.64215325705236,0,1,0,1
4.85e-06,2.8956147030985337,2.8956147030985337,127.27319343800183,0,1,0,1
4.875000000000001e-06,2.8956147030985337,2.8956147030985337,126.90814719435873,0,1,0,1
4.9000000000000005e-06,2.8956147030985337,2.8956147030985337,126.54689215649003,0,1,0,1
4.925e-06,2.8956147030985337,2.8956147030985337,126.18931221431143,0,1,0,1
4.95e-06,2.8956147030985337,2.8956147030985337,125.83529707738266,0,1,0,1
4.975000000000001e-06,2.8956147030985337,2.8956147030985337,125.48474187401072,0,1,0,1
5e-06,2.8956147030985337,2.8956147030985337,125.13754678521131,0,1,0,1
5.025e-06,2.8956147030985337,2.8956147030985337,124.79361670989135,0,1,0,1
5.050000000000001e-06,2.609987803196769,-15.251434317934354,125.02995484791788,0,1,1,0
5.0750000000000005e-06,2.403937142417863,-15.491512586186044,125.26814810022735,0,1,1,0
5.1e-06,2.232368793874545,-15.69732885397329,125.50788353493483,0,1,1,0
5.125e-06,2.0817834735592764,-15.88238673118969,125.74919143324277,0,1,1,0
5.150000000000001e-06,1.9457955922009968,-16.05307627624588,125.99210307912813,0,1,1,0
5.1750000000000004e-06,1.8328164116454722,-16.20099084641328,126.23665080641125,0,1,1,0
5.2e-06,1.7432564684666965,-16.325724681347822,126.48286804870163,0,1,1,0
5.225000000000001e-06,1.666336065297391,-16.438062419336685,126.73078939243852,0,1,1,0
5.2500000000000006e-06,1.5977313668847697,-16.542333009295756,126.98045063326367,0,1,1,0
5.275e-06,1.5351598513702378,-16.640824268056296,127.23188883598574,0,1,1,0
5.3e-06,1.4772343967456811,-16.734928803028563,127.48514239841971,0,1,1,0
5.325000000000001e-06,1.4230345653756562,-16.825572737397447,127.74025111941171,0,1,1,0
5.3500000000000004e-06,1.3719113689526368,-16.913410955531543,127.99725627138928,0,1,1,0
5.375e-06,1.3233863216025024,-16.998928060941836,128.25620067781037,0,1,1,0
5.400000000000001e-06,1.2770943316405186,-17.082495496348226,128.51712879592122,0,1,1,0
5.4250000000000006e-06,1.2327491373026367,-17.164406120593704,128.78008680527438,0,1,1,0
5.45e-06,1.190121254117271,-17.24489627481191,129.04512270250427,0,1,1,0
5.475e-06,1.1490232950384325,-17.32416047680574,129.31228640290922,0,1,1,0
5.500000000000001e-06,1.1092998510234817,-17.402361556040315,129.58162984944659,0,1,1,0
5.5250000000000005e-06,1.0708203079433019,-17.479637853458488,129.85320712981252,0,1,1,0
5.55e-06,1.0334736190525675,-17.556108466997586,130.1270746023511,0,1,1,0
5.575000000000001e-06,0.9971644179638761,-17.631852670266753,130.4031196176144,0,1,1,0
5.600000000000001e-06,0.9618059480404318,-17.70693580379165,130.6811922628246,0,1,1,0
5.625e-06,0.9272814917889395,-17.78148104707497,130.96133777204736,0,1,1,0
5.65e-06,0.8935342683684241,-17.855551886491217,131.24360308401748,0,1,1,0
5.675000000000001e-06,0.8605136864712064,-17.929205875436303,131.52803693335258,0,1,1,0
5.7000000000000005e-06,0.8281744365676704,-18.00249555602289,131.81468994813392,0,1,1,0
5.725e-06,0.7964757477897376,-18.075469217125338,132.10361475440553,0,1,1,0
5.750000000000001e-06,0.7653807743120148,-18.148171524002336,132.39486608820044,0,1,1,0
5.775000000000001e-06,0.7348560846343837,-18.220644046189467,132.68850091576695,0,1,1,0
5.8e-06,0.7048712334010699,-18.292925704133193,132.98457856273984,0,1,1,0
5.825e-06,0.6753983999947951,-18.365053150445693,133.28316085308342,0,1,1,0
5.850000000000001e-06,0.6464120815865625,-18.437061098231172,133.58431225872414,0,1,1,0
5.8750000000000005e-06,0.6178888309236223,-18.5089826063471,133.88810006089506,0,1,1,0
5.9e-06,0.5898070311253885,-18.580849329493336,134.19459452433108,0,1,1,0
5.925000000000001e-06,0.5621467012892557,-18.652691739508995,134.50386908558775,0,1,1,0
5.950000000000001e-06,0.5348893279000924,-18.724539323086674,134.81600055690737,0,1,1,0
5.975e-06,0.5080177179719306,-18.796420760203713,135.1310693472295,0,1,1,0
6e-06,0.48151587058919754,-18.868338866970134,135.44898316291534,0,1,1,0
6.025000000000001e-06,0.4553688641030207,-18.940283408050036,135.7695659050714,0,1,1,0
6.0500000000000005e-06,0.4295627567096243,-19.012278063994735,136.09288574493053,0,1,1,0
6.075e-06,0.40408449851818284,-19.08434604447834,136.41901380097568,0,1,1,0
6.100000000000001e-06,0.37892185352420027,-19.156510192223646,136.74802432023492,0,1,1,0
6.125000000000001e-06,0.3540633301564631,-19.228793080437338,137.07999487415663,0,1,1,0
6.15e-06,0.3294981192724131,-19.30121710508798,137.41500657052273,0,1,1,0
6.175e-06,0.3052160386473743,-19.37380457321457,137.7531442830336,0,1,1,0
6.200000000000001e-06,0.2812074831444715,-19.44657778834094,138.09449690039787,0,1,1,0
6.2250000000000005e-06,0.25746337986983686,-19.519559133985847,138.4391575969898,0,1,1,0
6.25e-06,0.23397514771619396,-19.59277115619798,138.7872241273992,0,1,1,0
6.275000000000001e-06,0.2107346607806426,-19.666236646005224,139.13879914750106,0,1,1,0
6.300000000000001e-06,0.18773421521223346,-19.739978722647685,139.49399056501943,0,1,1,0
6.3250000000000004e-06,0.16496649910398492,-19.814020918462255,139.8529119229637,0,1,1,0
6.35e-06,0.14242456509417323,-19.88838726630298,140.21568281978008,0,1,1,0
6.375000000000001e-06,0.12010180538451204,-19.96283369373987,140.58054849387068,0,1,1,0
6.4000000000000006e-06,0.09799192891943678,-20.03718687722248,140.94625164299345,0,1,1,0
6.425e-06,0.07608894050211974,-20.111453638933856,141.31279805605183,0,1,1,0
6.450000000000001e-06,0.05438712164988128,-20.18564053390988,141.6801935889183,0,1,1,0
6.475000000000001e-06,0.03288101301500866,-20.259753867774094,142.0484441655237,0,1,1,0
6.5000000000000004e-06,0.011565398217208235,-20.33379971306414,142.41755577896942,0,1,1,0
6.525e-06,-0.009564711048533067,-20.407783924286097,142.78753449266296,0,1,1,0
6.550000000000001e-06,-0.030677574350821735,-20.481875637419083,143.15838644147783,0,1,1,0
6.5750000000000006e-06,-0.0519738622515208,-20.55627640981408,143.53011783293792,0,1,1,0
6.6e-06,-0.07345842562490164,-20.630991989685935,143.90273494842722,0,1,1,0
6.625000000000001e-06,-0.09513633260164886,-20.7060283532339,144.27624414442576,0,1,1,0
6.650000000000001e-06,-0.11701288242150255,-20.781391718674648,144.65065185377202,0,1,1,0
6.6750000000000005e-06,-0.13909362044139506,-20.85708856143468,145.02596458695297,0,1,1,0
6.7e-06,-0.16138435441900428,-20.933121487247718,145.402159929801,0,1,1,0
6.725000000000001e-06,-0.18389117220662618,-21.009441396063472,145.77885156699793,0,1,1,0
6.750000000000001e-06,-0.2066204610074498,-21.086054956303915,146.15604146707526,0,1,1,0
6.775e-06,-0.22957892836607185,-21.16296915859593,146.53373161160903,0,1,1,0
6.800000000000001e-06,-0.25277362508786066,-21.240191338708026,146.91192399534114,0,1,1,0
6.825000000000001e-06,-0.27621197030810446,-21.317729202636983,147.29062062630214,0,1,1,0
6.8500000000000005e-06,-0.2999017789623969,-21.395590854096028,147.6698235259354,0,1,1,0
6.875e-06,-0.32385129194519635,-21.473784824691336,148.04953472922298,0,1,1,0
6.900000000000001e-06,-0.3480692092848817,-21.55232010711527,148.42975628481273,0,1,1,0
6.925000000000001e-06,-0.3725647267120502,-21.631206191733074,148.8104902551472,0,1,1,0
6.95e-06,-0.3973475760546521,-21.710453106996653,149.191738716594,0,1,1,0
6.975000000000001e-06,-0.422428069960531,-21.790071464185925,149.57350375957776,0,1,1,0
7.000000000000001e-06,-0.44781715152712864,-21.870072507057653,149.95578748871367,0,1,1,0
7.0250000000000005e-06,-0.47352644951210704,-21.95046816707534,150.33859202294263,0,1,1,0
7.05e-06,-0.49956833991065125,-22.03146982665729,150.72331040722645,0,1,1,0
7.075000000000001e-06,-0.525956014819258,-22.113121261029132,151.11015672346912,0,1,1,0
7.100000000000001e-06,-0.5527035596669263,-22.195441646775894,151.49916660976277,0,1,1,0
7.125e-06,-0.5798260400892067,-22.278451284240056,151.89037670905594,0,1,1,0
7.150000000000001e-06,-0.6073395999566201,-22.362171701276544,152.28382470923947,0,1,1,0
7.175000000000001e-06,-0.6352615723568382,-22.44662577025837,152.6795493853107,0,1,1,0
7.2000000000000005e-06,-0.6636106056830096,-22.531837840504352,153.0775906437494,0,1,1,0
7.225e-06,-0.6924068074159071,-22.617833888737085,153.47798956924825,0,1,1,0
7.250000000000001e-06,-0.7216719087275792,-22.704641690720873,153.88078847395306,0,1,1,0
7.275000000000001e-06,-0.751429453708384,-22.792291017905338,154.2860309493787,0,1,1,0
7.3e-06,-0.7817050178667131,-22.880813863749704,154.69376192118094,0,1,1,0
7.325000000000001e-06,-0.8125264616235488,-22.970244705477587,155.10402770697826,0,1,1,0
7.350000000000001e-06,-0.8439242258926093,-23.060607254546888,155.51678120057994,0,1,1,0
7.3750000000000005e-06,-0.8759316785970614,-23.151900810642108,155.9317839243153,0,1,1,0
7.4e-06,-0.9085855232574793,-23.244167378325024,156.34907298547282,0,1,1,0
7.425000000000001e-06,-0.9419262837763872,-23.337452929754903,156.76868652184962,0,1,1,0
7.450000000000001e-06,-0.9759988835007095,-23.43180798953422,157.1906637422346,0,1,1,0
7.4750000000000004e-06,-1.0108533419332524,-23.527288337498675,157.61504496895796,0,1,1,0
7.500000000000001e-06,-1.0465617196303905,-23.623971960007246,158.041871682638,0,1,1,0
7.525000000000001e-06,-1.0832278818018588,-23.72196882026826,158.4711865692648,0,1,1,0
7.5500000000000006e-06,-1.1209324986343217,-23.821365865744625,158.90303356977213,0,1,1,0
7.575e-06,-1.1597681658002574,-23.922262156123107,159.33745793225995,0,1,1,0
7.600000000000001e-06,-1.1998420155903051,-24.024771482310662,159.77450626704248,0,1,1,0
7.625000000000001e-06,-1.2412791091328175,-24.12902576694873,160.21422660471137,0,1,1,0
7.650000000000001e-06,-1.2842269145635385,-24.23506246711949,160.65584886789165,0,1,1,0
7.675e-06,-1.3288613268966554,-24.34293664729332,161.09852724277667,0,1,1,0
7.7e-06,-1.375394929229089,-24.452861977308345,161.5422693365548,0,1,1,0
7.725000000000001e-06,-1.424088602343756,-24.565100437791635,161.98708284813517,0,1,1,0
7.75e-06,-1.4752682968391186,-24.67997909251097,162.43297556970296,0,1,1,0
7.775000000000001e-06,-1.5293500644806834,-24.797915119953345,162.87995538830862,0,1,1,0
7.8e-06,-1.5868788966401293,-24.919454651996144,163.3280302874921,0,1,1,0
7.825e-06,-1.6485919046589343,-25.04533595450795,163.7772083489431,0,1,1,0
7.850000000000001e-06,-1.7155273297811842,-25.17659843752376,164.22749775419803,0,1,1,0
7.875e-06,-1.7892273491589912,-25.31478546149828,164.678906786375,0,1,1,0
7.9e-06,-1.8721551535896206,-25.46236141529645,165.1314438319478,0,1,1,0
7.925000000000001e-06,-1.9686820815075707,-25.62359869866476,165.58441632010033,0,1,1,0
7.95e-06,-2.087980648666678,-25.807425949156073,166.03611710342577,0,1,1,0
7.975e-06,-2.224513209987531,-26.008307044678258,166.48655684283509,0,1,1,0
8.000000000000001e-06,-2.374259978776572,-26.222223700352473,166.93574605103132,0,1,1,0
8.025e-06,-2.374259978776572,-2.374259978776572,166.2908265049134,1,0,1,0
8.050000000000001e-06,-2.374259978776572,-2.374259978776572,165.6433403690606,1,0,1,0
8.075000000000001e-06,-2.374259978776572,-2.374259978776572,164.99325679610902,1,0,1,0
8.1e-06,-2.374259978776572,-2.374259978776572,164.34059610081366,1,0,1,0
8.125000000000001e-06,-2.374259978776572,-2.374259978776572,163.6902890242086,1,0,1,0
8.15e-06,-2.374259978776572,-2.374259978776572,163.0423102556645,1,0,1,0
8.175e-06,-2.374259978776572,-2.374259978776572,162.39663493529034,1,0,1,0
8.200000000000001e-06,-2.374259978776572,-2.374259978776572,161.75323864276965,1,0,1,0
8.225e-06,-2.374259978776572,-2.374259978776572,161.11209738654992,1,0,1,0
8.25e-06,-2.374259978776572,-2.374259978776572,160.4731875933716,1,0,1,0
8.275000000000001e-06,-2.374259978776572,-2.374259978776572,159.8364860981236,1,0,1,0
8.3e-06,-2.374259978776572,-2.374259978776572,159.20286419331603,1,0,1,0
8.325e-06,-2.374259978776572,-2.374259978776572,158.57481388051846,1,0,1,0
8.350000000000001e-06,-2.374259978776572,-2.374259978776572,157.95219030675793,1,0,1,0
8.375e-06,-2.374259978776572,-2.374259978776572,157.33485479918346,1,0,1,0
8.400000000000001e-06,-2.374259978776572,-2.374259978776572,156.7226745016861,1,0,1,0
8.425000000000001e-06,-2.374259978776572,-2.374259978776572,156.11552203856013,1,0,1,0
8.45e-06,-2.374259978776572,-2.374259978776572,155.5132752027845,1,0,1,0
8.475000000000001e-06,-2.374259978776572,-2.374259978776572,154.91581666675526,1,0,1,0
8.5e-06,-2.374259978776572,-2.374259978776572,154.3231436621876,1,0,1,0
8.525e-06,-2.374259978776572,-2.374259978776572,153.73579641886593,1,0,1,0
8.550000000000001e-06,-2.374259978776572,-2.374259978776572,153.15363348463396,1,0,1,0
8.575e-06,-2.374259978776572,-2.374259978776572,152.57651957065542,1,0,1,0
8.6e-06,-2.374259978776572,-2.374259978776572,152.00432518144117,1,0,1,0
8.625000000000001e-06,-2.374259978776572,-2.374259978776572,151.43692627297494,1,0,1,0
8.65e-06,-2.374259978776572,-2.374259978776572,150.87420393637075,1,0,1,0
8.675e-06,-2.374259978776572,-2.374259978776572,150.3160441047681,1,0,1,0
8.700000000000001e-06,-2.374259978776572,-2.374259978776572,149.76233728141054,1,0,1,0
8.725e-06,-2.374259978776572,-2.374259978776572,149.2115870376946,1,0,1,0
8.750000000000001e-06,-2.374259978776572,-2.374259978776572,148.66191490308316,1,0,1,0
8.775000000000002e-06,-2.374259978776572,-2.374259978776572,148.11331456688103,1,0,1,0
8.8e-06,-2.374259978776572,-2.374259978776572,147.56577977974354,1,0,1,0
8.825000000000001e-06,-2.374259978776572,-2.374259978776572,147.01930435284442,1,0,1,0
8.85e-06,-2.374259978776572,-2.374259978776572,146.47388215705828,1,0,1,0
8.875e-06,-2.374259978776572,-2.374259978776572,145.92950712215725,1,0,1,0
8.900000000000001e-06,-2.374259978776572,-2.374259978776572,145.3861732360214,1,0,1,0
8.925e-06,-2.374259978776572,-2.374259978776572,144.84387454386277,1,0,1,0
8.95e-06,-2.374259978776572,-2.374259978776572,144.3028557774835,1,0,1,0
8.975000000000001e-06,-2.374259978776572,-2.374259978776572,143.76372248722475,1,0,1,0
9e-06,-2.374259978776572,-2.374259978776572,143.2264550740307,1,0,1,0
9.025e-06,-2.374259978776572,-2.374259978776572,142.69103427628585,1,0,1,0
9.050000000000001e-06,-2.374259978776572,-2.374259978776572,142.15744116173312,1,0,1,0
9.075e-06,-2.374259978776572,-2.374259978776572,141.62565711963902,1,0,1,0
9.100000000000001e-06,-2.374259978776572,-2.374259978776572,141.0956638531972,1,0,1,0
9.125000000000002e-06,-2.374259978776572,-2.374259978776572,140.56744337216102,1,0,1,0
9.15e-06,-2.374259978776572,-2.374259978776572,140.04097798569722,1,0,1,0
9.175000000000001e-06,-2.374259978776572,-2.374259978776572,139.5162502954523,1,0,1,0
9.2e-06,-2.374259978776572,-2.374259978776572,138.99916506398262,1,0,1,0
9.225e-06,-2.374259978776572,-2.374259978776572,138.48987084244277,1,0,1,0
9.250000000000001e-06,-2.374259978776572,-2.374259978776572,137.98802410092952,1,0,1,0
9.275e-06,-2.374259978776572,-2.374259978776572,137.49330590356826,1,0,1,0
9.3e-06,-2.374259978776572,-2.374259978776572,137.0054195074153,1,0,1,0
9.325000000000001e-06,-2.374259978776572,-2.374259978776572,136.5240882550073,1,0,1,0
9.35e-06,-2.374259978776572,-2.374259978776572,136.0490537177763,1,0,1,0
9.375000000000001e-06,-2.374259978776572,-2.374259978776572,135.58007405473197,1,0,1,0
9.400000000000001e-06,-2.374259978776572,-2.374259978776572,135.11692255663831,1,0,1,0
9.425e-06,-2.374259978776572,-2.374259978776572,134.65938635066266,1,0,1,0
9.450000000000001e-06,-2.374259978776572,-2.374259978776572,134.20790845996873,1,0,1,0
9.475000000000002e-06,-2.374259978776572,-2.374259978776572,133.76246531450425,1,0,1,0
9.5e-06,-2.374259978776572,-2.374259978776572,133.32282019956708,1,0,1,0
9.525000000000001e-06,-2.374259978776572,-2.374259978776572,132.8887515195681,1,0,1,0
9.55e-06,-2.374259978776572,-2.374259978776572,132.46005147746396,1,0,1,0
9.575e-06,-2.374259978776572,-2.374259978776572,132.03652489906992,1,0,1,0
9.600000000000001e-06,-2.374259978776572,-2.374259978776572,131.61798818326847,1,0,1,0
9.625e-06,-2.374259978776572,-2.374259978776572,131.20426836200292,1,0,1,0
9.65e-06,-2.374259978776572,-2.374259978776572,130.7952022563283,1,0,1,0
9.675000000000001e-06,-2.374259978776572,-2.374259978776572,130.39063571677727,1,0,1,0
9.7e-06,-2.374259978776572,-2.374259978776572,129.99042293795958,1,0,1,0
9.725000000000001e-06,-2.374259978776572,-2.374259978776572,129.5944442921463,1,0,1,0
9.750000000000002e-06,-2.374259978776572,-2.374259978776572,129.20329571125563,1,0,1,0
9.775e-06,-2.374259978776572,-2.374259978776572,128.81680397138328,1,0,1,0
9.800000000000001e-06,-2.374259978776572,-2.374259978776572,128.43480598437665,1,0,1,0
9.825000000000002e-06,-2.374259978776572,-2.374259978776572,128.05714798522078,1,0,1,0
9.85e-06,-2.374259978776572,-2.374259978776572,127.68368480141228,1,0,1,0
9.875000000000001e-06,-2.374259978776572,-2.374259978776572,127.31427919442342,1,0,1,0
9.9e-06,-2.374259978776572,-2.374259978776572,126.94880126474061,1,0,1,0
9.925e-06,-2.374259978776572,-2.374259978776572,126.58712791312693,1,0,1,0
9.950000000000001e-06,-2.374259978776572,-2.374259978776572,126.2291423517426,1,0,1,0
9.975e-06,-2.374259978776572,-2.374259978776572,125.87473365959234,1,0,1,0
1e-05,-2.374259978776572,-2.374259978776572,125.52379637748044,1,0,1,0
1.0025000000000001e-05,-2.206729611400896,15.759728871609948,125.76520938107589,1,0,0,1
1.005e-05,-2.0588470967666392,15.942328365814808,126.00822823807012,1,0,0,1
1.0075000000000001e-05,-1.9248378741404444,16.111288604924646,126.25288535345562,1,0,0,1
1.0100000000000002e-05,-1.817085441974981,16.254230877371366,126.49921423542445,1,0,0,1
1.0125e-05,-1.7300378939317695,16.376712041585602,126.7472495486216,1,0,0,1
1.0150000000000001e-05,-1.654687045340801,16.48774540762308,126.99702717074716,1,0,0,1
1.0175e-05,-1.5871874593391844,16.591181719627667,127.24858425276796,1,0,0,1
1.02e-05,-1.5254503673320805,16.68911524452848,127.50195928302392,1,0,0,1
1.0225000000000001e-05,-1.4681847271562443,16.782842723635383,127.7571921555414,1,0,0,1
1.025e-05,-1.4145240941286243,16.873236511999313,128.01432424289555,1,0,0,1
1.0275e-05,-1.3638525434288213,16.96091866714225,128.27339847399747,1,0,0,1
1.0300000000000001e-05,-1.3157131523623153,17.046352478668908,128.53445941721856,1,0,0,1
1.0325e-05,-1.2697555881646507,17.12989489316487,128.79755336930663,1,0,0,1
1.0350000000000001e-05,-1.2257040851386145,17.211828550660556,129.0627284505942,1,0,0,1
1.0375000000000001e-05,-1.18333685938114,17.292382384483332,129.3300347070513,1,0,0,1
1.04e-05,-1.1424723213723655,17.371745424312504,129.5995242197941,1,0,0,1
1.0425000000000001e-05,-1.1029595230749198,17.450076365885735,129.87125122272457,1,0,0,1
1.0450000000000002e-05,-1.064671347589571,17.52751039941788,130.14527222905215,1,0,0,1
1.0475e-05,-1.02749953446901,17.604136179854493,130.4214500002645,1,0,0,1
1.0500000000000001e-05,-0.991350968769156,17.68002879445543,130.6996583425721,1,0,0,1
1.0525000000000002e-05,-0.9561323798340957,17.755287991608814,130.97994260010037,1,0,0,1
1.055e-05,-0.9217380989335928,17.83002616213654,131.26234982749094,1,0,0,1
1.0575000000000001e-05,-0.8881124224812081,17.90430598916457,131.54692888152044,1,0,0,1
1.06e-05,-0.855205675695264,17.978184398464926,131.83373051912133,1,0,0,1
1.0625e-05,-0.822973334476355,18.051713451574997,132.12280750235948,1,0,0,1
1.0650000000000001e-05,-0.7913753054989456,18.12494108178409,132.41421471098124,1,0,0,1
1.0675e-05,-0.7603753309617498,18.197911706639328,132.70800926320754,1,0,0,1
1.0700000000000001e-05,-0.7299404925508592,18.270666742524146,133.00425064552505,1,0,0,1
1.0725000000000001e-05,-0.7000407950962174,18.3432450409476,133.30300085230672,1,0,0,1
1.075e-05,-0.670648814789364,18.415683261808713,133.60432453618654,1,0,0,1
1.0775000000000001e-05,-0.641739400116739,18.48801619562859,133.90828917021727,1,0,0,1
1.0800000000000002e-05,-0.6132894161514817,18.56027704427126,134.2149652229592,1,0,0,1
1.0825e-05,-0.5852775247503451,18.632497667789853,134.5244263477814,1,0,0,1
1.0850000000000001e-05,-0.557683994672294,18.704708803586385,134.83674958781077,1,0,0,1
1.0875e-05,-0.530490536780343,18.77694026295356,135.1520155981373,1,0,0,1
1.09e-05,-0.5036801603873791,18.849191824180696,135.47010389197652,1,0,0,1
1.0925000000000001e-05,-0.47723704751827534,18.921458028715655,135.79086553363751,1,0,0,1
1.095e-05,-0.45114644242774604,18.993763398138114,136.11436888396102,1,0,0,1
1.0975e-05,-0.4253945541684832,19.066131911918013,136.44068526260548,1,0,0,1
1.1000000000000001e-05,-0.39996847037161815,19.138587119666177,136.76988913026457,1,0,0,1
1.1025e-05,-0.3748560807001047,19.211152245807927,137.10205828555624,1,0,0,1
1.1050000000000001e-05,-0.35004600867953967,19.283850288185093,137.43727407805244,1,0,0,1
1.1075000000000002e-05,-0.3255275508112876,19.356704111916574,137.77562163909502,1,0,0,1
1.11e-05,-0.30129062203818074,19.429736539711204,138.1171901322457,1,0,0,1
1.1125000000000001e-05,-0.27732570677027923,19.502970439722414,138.46207302544886,1,0,0,1
1.115e-05,-0.2536238147925249,19.576428811957587,138.8103683872508,1,0,0,1
1.1175e-05,-0.23017644147183552,19.65013487420304,139.16217920972414,1,0,0,1
1.1200000000000001e-05,-0.2069755317616329,19.724112148395086,139.51761376109704,1,0,0,1
1.1225000000000002e-05,-0.1840134475696826,19.79838454835795,139.87678597149343,1,0,0,1
1.125e-05,-0.161282938112625,19.872976469839,140.23981585566136,1,0,0,1
1.1275000000000001e-05,-0.13877711292946104,19.947613859035453,140.6047368037544,1,0,0,1
1.13e-05,-0.1164894172679567,20.022152812465006,140.97049560813073,1,0,0,1
1.1325e-05,-0.09441360959362355,20.09660039927706,141.33709806209478,1,0,0,1
1.1350000000000001e-05,-0.0725437410015798,20.170963405568624,141.70455002599144,1,0,0,1
1.1375e-05,-0.050874136337991954,20.245248353418706,142.07285742829689,1,0,0,1
1.1400000000000001e-05,-0.02939937686059813,20.31946151838687,142.44202626673228,1,0,0,1
1.1425000000000002e-05,-0.00811428428756502,20.393608945626873,142.81206260940107,1,0,0,1
1.145e-05,0.012986093898913663,20.46769646474894,143.1829725959502,1,0,0,1
1.1475000000000001e-05,0.03412846670673838,20.541951672243357,143.5547624387563,1,0,0,1
1.1500000000000002e-05,0.05545503878421232,20.61651767080383,143.9274384241373,1,0,0,1
1.1525e-05,0.07697069544064734,20.6914002545249,144.3010069135898,1,0,0,1
1.1550000000000001e-05,0.09868054142060571,20.766605447856808,144.6754743450534,1,0,0,1
1.1575e-05,0.12058991493686663,20.842139519822958,145.05084723420262,1,0,0,1
1.16e-05,0.14270440287745284,20.918000883306224,145.4270753630014,1,0,0,1
1.1625000000000001e-05,0.16502985730893954,20.99414413102791,145.80379991603277,1,0,0,1
1.165e-05,0.18757241341358355,21.070575679511848,146.18102286268785,1,0,0,1
1.1675000000000001e-05,0.21033850901538265,21.147302249788286,146.5587461854103,1,0,0,1
1.1700000000000001e-05,0.2333349058703873,21.224330888701488,146.93697187981772,1,0,0,1
1.1725e-05,0.2565687129198987,21.30166899218053,147.31570195482445,1,0,0,1
1.1750000000000001e-05,0.2800474117321468,21.379324330698726,147.69493843276604,1,0,0,1
1.1775000000000002e-05,0.3037788843893121,21.4573050771786,148.074683349525,1,0,0,1
1.18e-05,0.3277714441131285,21.535619837635732,148.45493875465823,1,0,0,1
1.1825000000000001e-05,0.3520338689647533,21.614277684897015,148.83570671152583,1,0,0,1
1.185e-05,0.37657543900428114,21.693288195778806,149.21698929742166,1,0,0,1
1.1875e-05,0.40140597735364897,21.7726614921687,149.59878860370537,1,0,0,1
1.1900000000000001e-05,0.42653589567548705,21.8524082865235,149.98110673593607,1,0,0,1
1.1925000000000002e-05,0.4519762446618765,21.93253993237725,150.36394581400762,1,0,0,1
1.195e-05,0.4777387702236614,22.01328215777888,150.74880371288654,1,0,0,1
1.1975000000000001e-05,0.503835976186259,22.094663385920025,151.13579186813635,1,0,0,1
1.2e-05,0.5302811944359825,22.176702049156532,151.52494598304384,1,0,0,1
1.2025000000000001e-05,0.5570886636269649,22.25941763053255,151.9163027683391,1,0,0,1
1.2050000000000002e-05,0.5842736177594618,22.34283075810444,152.30989998241486,1,0,0,1
1.2075e-05,0.6118523861840265,22.426963310988675,152.70577647363254,1,0,0,1
1.2100000000000001e-05,0.6398425068835198,22.511838539004835,153.1039722248492,1,0,0,1
1.2125e-05,0.6682628552500142,22.59748119815131,153.50452840030908,1,0,0,1
1.215e-05,0.6971337910242732,22.68391770460358,153.90748739505514,1,0,0,1
1.2175000000000001e-05,0.7264773266251062,22.77117631048626,154.31289288702808,1,0,0,1
1.2200000000000002e-05,0.7563173207953036,22.85928730537153,154.7207898920336,1,0,0,1
1.2225e-05,0.7866797023709876,22.94828324833853,155.13122482177278,1,0,0,1
1.2250000000000001e-05,0.8175927300967908,23.038182125932494,155.54412577084992,1,0,0,1
1.2275e-05,0.8490872958342468,23.128984205875852,155.95927837029123,1,0,0,1
1.23e-05,0.8811972803460213,23.22072867952449,156.37671979424928,1,0,0,1
1.2325000000000001e-05,0.9139599732231437,23.313458294651472,156.7964882499983,1,0,0,1
1.2350000000000002e-05,0.9474165716500658,23.407219860014333,157.21862301854986,1,0,0,1
1.2375000000000001e-05,0.9816127768466323,23.502064847895703,157.6431644973435,1,0,0,1
1.2400000000000002e-05,1.016599512577811,23.598050119026862,158.07015424514336,1,0,0,1
1.2425e-05,1.0524586239404066,23.69526362812349,158.4996350292816,1,0,0,1
1.2450000000000001e-05,1.0892879203261832,23.79380947395478,158.93165087540018,1,0,0,1
1.2475000000000002e-05,1.1271698598119375,23.89377659121972,159.36624711985445,1,0,0,1
1.25e-05,1.166199207099842,23.995266416379046,159.80347046495444,1,0,0,1
1.2525000000000001e-05,1.206485755436578,24.09839561789859,160.2433690372341,1,0,0,1
1.255e-05,1.248157871541329,24.203166562595403,160.6850608373785,1,0,0,1
1.2575e-05,1.291367188468181,24.309625652608435,161.12780924898178,1,0,0,1
1.2600000000000001e-05,1.336294934135656,24.41795520345627,161.5716218852443,1,0,0,1
1.2625000000000002e-05,1.3831606477414429,24.52837585505415,162.01650645118895,1,0,0,1
1.2650000000000001e-05,1.4322344807162264,24.641158872890305,162.46247074521855,1,0,0,1
1.2675000000000001e-05,1.4838550553593695,24.75664400688901,162.9095226607075,1,0,0,1
1.27e-05,1.5384562739708543,24.875266300774875,163.35767018762814,1,0,0,1
1.2725000000000001e-05,1.596609210093371,24.997597983552453,163.80692141421358,1,0,0,1
1.2750000000000002e-05,1.6590908494021208,25.124417210638843,164.25728452865707,1,0,0,1
1.2775e-05,1.7270040016482833,25.256827976055366,164.70876782084957,1,0,0,1
1.2800000000000001e-05,1.8020036058667066,25.396486417889022,165.16137968415623,1,0,0,1
1.2825e-05,1.8867713193821813,25.545952449023243,165.61426790748743,1,0,0,1
1.285e-05,1.9861712097440067,25.70986908606456,166.06588513424387,1,0,0,1
1.2875000000000001e-05,2.110796647988293,25.898831221626132,166.51624201546485,1,0,0,1
1.2900000000000002e-05,2.2493727116500524,26.101565433674818,166.96534905417334,1,0,0,1
1.2925e-05,2.401805690687428,26.3179794918647,167.4132166082409,1,0,0,1
1.2950000000000001e-05,2.5730775493539877,26.553056819808525,167.85985489318176,1,0,0,1
1.2975e-05,2.771967675450308,26.8155782447186,168.30527398487806,1,0,0,1
1.3000000000000001e-05,3.016682278722019,27.12375139618464,168.74948382223835,1,0,0,1
1.3025000000000002e-05,3.016682278722019,3.016682278722019,168.11167454086768,0,1,0,1
1.3050000000000002e-05,3.016682278722019,3.016682278722019,167.47138284419583,0,1,0,1
1.3075000000000001e-05,3.016682278722019,3.016682278722019,166.82857955762108,0,1,0,1
1.3100000000000002e-05,3.016682278722019,3.016682278722019,166.18323493102702,0,1,0,1
1.3125e-05,3.016682278722019,3.016682278722019,165.5353186227711,0,1,0,1
1.3150000000000001e-05,3.016682278722019,3.016682278722019,164.8847996830962,0,1,0,1
1.3175000000000002e-05,3.016682278722019,3.016682278722019,164.23253128439978,0,1,0,1
1.32e-05,3.016682278722019,3.016682278722019,163.58261227303748,0,1,0,1
1.3225000000000001e-05,3.016682278722019,3.016682278722019,162.93501741395687,0,1,0,1
1.325e-05,3.016682278722019,3.016682278722019,162.28972192096643,0,1,0,1
1.3275e-05,3.016682278722019,3.016682278722019,161.64670144563146,0,1,0,1
1.3300000000000001e-05,3.016682278722019,3.016682278722019,161.0059320665206,0,1,0,1
1.3325000000000002e-05,3.016682278722019,3.016682278722019,160.36739027878994,0,1,0,1
1.3350000000000001e-05,3.016682278722019,3.016682278722019,159.73105298409163,0,1,0,1
1.3375000000000002e-05,3.016682278722019,3.016682278722019,159.09836502426305,0,1,0,1
1.34e-05,3.016682278722019,3.016682278722019,158.47122419921052,0,1,0,1
1.3425000000000001e-05,3.016682278722019,3.016682278722019,157.849486706848,0,1,0,1
1.3450000000000002e-05,3.016682278722019,3.016682278722019,157.23301486298996,0,1,0,1
1.3475e-05,3.016682278722019,3.016682278722019,156.62167674263327,0,1,0,1
1.3500000000000001e-05,3.016682278722019,3.016682278722019,156.01534584786035,0,1,0,1
1.3525e-05,3.016682278722019,3.016682278722019,155.41390079998604,0,1,0,1
1.355e-05,3.016682278722019,3.016682278722019,154.81722505381833,0,1,0,1
1.3575000000000001e-05,3.016682278722019,3.016682278722019,154.2254446806122,0,1,0,1
1.3600000000000002e-05,3.016682278722019,3.016682278722019,153.638966184715,0,1,0,1
1.3625e-05,3.016682278722019,3.016682278722019,153.0576491621977,0,1,0,1
1.3650000000000001e-05,3.016682278722019,3.016682278722019,152.4813593090798,0,1,0,1
1.3675e-05,3.016682278722019,3.016682278722019,151.90996805620304,0,1,0,1
1.3700000000000001e-05,3.016682278722019,3.016682278722019,151.34335223175773,0,1,0,1
1.3725000000000002e-05,3.016682278722019,3.016682278722019,150.7813937489431,0,1,0,1
1.3750000000000002e-05,3.016682278722019,3.016682278722019,150.22397931650872,0,1,0,1
1.3775000000000001e-05,3.016682278722019,3.016682278722019,149.67100017016045,0,1,0,1
1.3800000000000002e-05,3.016682278722019,3.016682278722019,149.1204290138406,0,1,0,1
1.3825e-05,3.016682278722019,3.016682278722019,148.57093491663227,0,1,0,1
1.3850000000000001e-05,3.016682278722019,3.016682278722019,148.02251157806452,0,1,0,1
1.3875000000000002e-05,3.016682278722019,3.016682278722019,147.475152758878,0,1,0,1
1.39e-05,3.016682278722019,3.016682278722019,146.92885228019537,0,1,0,1
1.3925000000000001e-05,3.016682278722019,3.016682278722019,146.383604022706,0,1,0,1
1.395e-05,3.016682278722019,3.016682278722019,145.83940192586505,0,1,0,1
1.3975000000000001e-05,3.016682278722019,3.016682278722019,145.29623998710608,0,1,0,1
1.4000000000000001e-05,3.016682278722019,3.016682278722019,144.75411226106735,0,1,0,1
1.4025000000000002e-05,3.016682278722019,3.016682278722019,144.21340723249375,0,1,0,1
1.4050000000000001e-05,3.016682278722019,3.016682278722019,143.6745844093746,0,1,0,1
1.4075e-05,3.016682278722019,3.016682278722019,143.13762424912744,0,1,0,1
1.41e-05,3.016682278722019,3.016682278722019,142.60250754525376,0,1,0,1
1.4125000000000001e-05,3.016682278722019,3.016682278722019,142.06921541929853,0,1,0,1
1.4150000000000002e-05,3.016682278722019,3.016682278722019,141.5377293130557,0,1,0,1
1.4175000000000002e-05,3.016682278722019,3.016682278722019,141.00803098101014,0,1,0,1
1.4200000000000001e-05,3.016682278722019,3.016682278722019,140.48010248300736,0,1,0,1
1.4225e-05,3.016682278722019,3.016682278722019,139.95392617714313,0,1,0,1
1.425e-05,3.016682278722019,3.016682278722019,139.4300576966722,0,1,0,1
1.4275000000000001e-05,3.016682278722019,3.016682278722019,138.91428765660672,0,1,0,1
1.4300000000000002e-05,3.016682278722019,3.016682278722019,138.40624992081524,0,1,0,1
1.4325000000000001e-05,3.016682278722019,3.016682278722019,137.90560521241017,0,1,0,1
1.4350000000000002e-05,3.016682278722019,3.016682278722019,137.4120384285163,0,1,0,1
1.4375e-05,3.016682278722019,3.016682278722019,136.92525629111478,0,1,0,1
1.4400000000000001e-05,3.016682278722019,3.016682278722019,136.44498528388448,0,1,0,1
1.4425000000000002e-05,3.016682278722019,3.016682278722019,135.9709698335576,0,1,0,1
1.4450000000000002e-05,3.016682278722019,3.016682278722019,135.50297070124108,0,1,0,1
1.4475000000000001e-05,3.016682278722019,3.016682278722019,135.0407635547851,0,1,0,1
1.45e-05,3.016682278722019,3.016682278722019,134.5841376978764,0,1,0,1
1.4525e-05,3.016682278722019,3.016682278722019,134.13367695915593,0,1,0,1
1.4550000000000001e-05,3.016682278722019,3.016682278722019,133.6892106303839,0,1,0,1
1.4575000000000002e-05,3.016682278722019,3.016682278722019,133.25050460052668,0,1,0,1
1.46e-05,3.016682278722019,3.016682278722019,132.81733964789575,0,1,0,1
1.4625000000000001e-05,3.016682278722019,3.016682278722019,132.3895101450418,0,1,0,1
1.465e-05,3.016682278722019,3.016682278722019,131.96682290516006,0,1,0,1
1.4675000000000001e-05,3.016682278722019,3.016682278722019,131.54909615153719,0,1,0,1
1.4700000000000002e-05,3.016682278722019,3.016682278722019,131.13615859435507,0,1,0,1
1.4725000000000002e-05,3.016682278722019,3.016682278722019,130.72784860147829,0,1,0,1
1.4750000000000001e-05,3.016682278722019,3.016682278722019,130.32401345177885,0,1,0,1
1.4775e-05,3.016682278722019,3.016682278722019,129.92450866116488,0,1,0,1
1.48e-05,3.016682278722019,3.016682278722019,129.52934228256143,0,1,0,1
1.4825000000000001e-05,3.016682278722019,3.016682278722019,129.13897654620203,0,1,0,1
1.4850000000000002e-05,3.016682278722019,3.016682278722019,128.7532399665718,0,1,0,1
1.4875000000000002e-05,3.016682278722019,3.016682278722019,128.3719710532113,0,1,0,1
1.4900000000000001e-05,3.016682278722019,3.016682278722019,127.99501751242906,0,1,0,1
1.4925e-05,3.016682278722019,3.016682278722019,127.62223552925747,0,1,0,1
1.4950000000000001e-05,3.016682278722019,3.016682278722019,127.25348911999896,0,1,0,1
1.4975000000000001e-05,3.016682278722019,3.016682278722019,126.88864954705451,0,1,0,1
1.5000000000000002e-05,3.016682278722019,3.016682278722019,126.5275947888582,0,1,0,1
1.5025000000000001e-05,3.016682278722019,3.016682278722019,126.17020905869961,0,1,0,1
1.5050000000000002e-05,2.680925780313598,-15.37849857045456,126.41597045537709,0,1,1,0
1.5075e-05,2.459557950508375,-15.635217258452395,126.66342646272538,0,1,1,0
1.5100000000000001e-05,2.279872547713865,-15.850500672699749,126.91261254289529,0,1,1,0
1.5125000000000002e-05,2.124009274059011,-16.042214356024175,127.16356541058228,0,1,1,0
1.5150000000000002e-05,1.984221615652296,-16.218110255174306,127.4163230957862,0,1,1,0
1.5175000000000001e-05,1.860213430605334,-16.37849014234744,127.67092501066942,0,1,1,0
1.52e-05,1.7659133459893428,-16.50943122841712,127.92741202084525,0,1,1,0
1.5225e-05,1.6861449794032755,-16.626115952233917,128.18582652146034,0,1,1,0
1.5250000000000001e-05,1.6155755958967932,-16.733883335313333,128.44621251847087,0,1,1,0
1.5275000000000002e-05,1.551539333659244,-16.835405768562538,128.70861571555247,0,1,1,0
1.53e-05,1.4924656574183455,-16.932260572171334,128.97308360712776,0,1,1,0
1.5325e-05,1.437333427817818,-17.025475940474514,129.23966557804633,0,1,1,0
1.535e-05,1.3854329960223404,-17.115768862621554,129.50841301050727,0,1,1,0
1.5375e-05,1.3362467982622142,-17.203664544434556,129.77937939887738,0,1,1,0
1.54e-05,1.2893832504714058,-17.28956253140422,130.05262047312937,0,1,1,0
1.5425000000000002e-05,1.2445373941009314,-17.37376598515623,130.32812365480012,0,1,1,0
1.5450000000000003e-05,1.201466113417012,-17.456482814011995,130.60564249200306,0,1,1,0
1.5475e-05,1.159971812499351,-17.53791701204846,130.88522177183467,0,1,1,0
1.55e-05,1.1198912617925996,-17.618238447118127,131.1669079623751,0,1,1,0
1.5525e-05,1.081087739635006,-17.697590732117117,131.45074930226485,0,1,1,0
1.5550000000000002e-05,1.0434453494560998,-17.776096921473638,131.73679589650817,0,1,1,0
1.5575000000000002e-05,1.0068648174159895,-17.853863728161144,132.02509981903995,0,1,1,0
1.56e-05,0.9712603238702882,-17.930984707936684,132.3157152226488,0,1,1,0
1.5625e-05,0.93651674172588,-18.00758303783283,132.60869845691096,0,1,1,0
1.565e-05,0.9025650587542298,-18.08373611194002,132.90410819485976,0,1,1,0
1.5675e-05,0.869353111101258,-18.15950482735505,133.20200556919417,0,1,1,0
1.5700000000000002e-05,0.8368342436564398,-18.23494494476051,133.50245431891867,0,1,1,0
1.5725000000000003e-05,0.8049665264060971,-18.310107894652024,133.80552094740685,0,1,1,0
1.5750000000000003e-05,0.7737121088058623,-18.38504144733625,134.1112748929948,0,1,1,0
1.5775e-05,0.7430366835341222,-18.45979027551431,134.41978871333905,0,1,1,0
1.58e-05,0.7129090377645828,-18.53439643150968,134.73113828491984,0,1,1,0
1.5825000000000002e-05,0.6833006750853541,-18.60889975623431,135.04540301923768,0,1,1,0
1.5850000000000002e-05,0.6541854949106246,-18.6833295392355,135.36260523902288,0,1,1,0
1.5875e-05,0.6255395190340582,-18.757668824399573,135.6824584040354,0,1,1,0
1.59e-05,0.5973406571080987,-18.83194933097741,136.00502991659855,0,1,1,0
1.5925e-05,0.569568504475429,-18.906201506883512,136.3303900795126,0,1,1,0
1.595e-05,0.5422041670531571,-18.980454729179808,136.65861227363075,0,1,1,0
1.5975000000000002e-05,0.5152301089675946,-19.0547374838392,136.98977314964756,0,1,1,0
1.6000000000000003e-05,0.488630019424139,-19.129077528506475,137.3239528355143,0,1,1,0
1.6025000000000003e-05,0.46238869592185,-19.203502041373106,137.6612351610647,0,1,1,0
1.605e-05,0.4364919414224562,-19.278037758810065,138.00170790162764,0,1,1,0
1.6075e-05,0.41092647348632305,-19.352711104031442,138.34546304262437,0,1,1,0
1.6100000000000002e-05,0.3856798437143099,-19.427548308771456,138.69259706740036,0,1,1,0
1.6125000000000002e-05,0.36074036610046334,-19.50257552973278,139.0432112708327,0,1,1,0
1.615e-05,0.336097053118504,-19.57781896139424,139.3974121015892,0,1,1,0
1.6175e-05,0.31173955854465724,-19.65330494664121,139.7553115363011,0,1,1,0
1.62e-05,0.28765812616805414,-19.72906008659769,140.11702748936023,0,1,1,0
1.6225e-05,0.263843543663592,-19.80496608184383,140.48166737855195,0,1,1,0
1.6250000000000002e-05,0.24028710100545697,-19.88073335422793,140.84714318663373,0,1,1,0
1.6275000000000003e-05,0.2169805528861951,-19.95637097347946,141.21346068455958,0,1,1,0
1.6300000000000003e-05,0.19391608467923888,-20.0318875881724,141.58062570996145,0,1,1,0
1.6325e-05,0.17108628154455183,-20.107291456774366,141.94864416823242,0,1,1,0
1.635e-05,0.1484841003294704,-20.182590475903773,142.31752203363268,0,1,1,0
1.6375e-05,0.12610284396147123,-20.257792206098344,142.68726535041873,0,1,1,0
1.6400000000000002e-05,0.10393613806775517,-20.332903895360317,143.0578802339965,0,1,1,0
1.6425e-05,0.08197790958926153,-20.407932500710626,143.4293728720992,0,1,1,0
1.645e-05,0.060222367184873074,-20.482884707956554,143.80174952599,0,1,1,0
1.6475e-05,0.03866398324585506,-20.557766949852837,144.17501653169083,0,1,1,0
1.65e-05,0.017297477361580747,-20.632585422815215,144.54918030123756,0,1,1,0
1.6525000000000002e-05,-0.0038821989041761366,-20.707346102327385,144.92424732396248,0,1,1,0
1.6550000000000002e-05,-0.0249462320143367,-20.782121113129293,145.30022416780469,0,1,1,0
1.6575000000000003e-05,-0.0461924126700215,-20.857161155144787,145.67678119732338,0,1,1,0
1.66e-05,-0.0676255351956423,-20.932459243094556,146.05383595529239,0,1,1,0
1.6625e-05,-0.089250607607775,-21.008020667571042,146.43139041974288,0,1,1,0
1.665e-05,-0.11107286517398202,-21.083850948293836,146.80944658183898,0,1,1,0
1.6675000000000002e-05,-0.13309778509699968,-21.159955848811283,147.18800644599997,0,1,1,0
1.67e-05,-0.15533110244049544,-21.236341392443954,147.5670720300242,0,1,1,0
1.6725e-05,-0.17777882742704026,-21.313013879600536,147.94664536521447,0,1,1,0
1.675e-05,-0.200447264255493,-21.389979906613323,148.3267284965048,0,1,1,0
1.6775e-05,-0.2233430316040105,-21.46724638625957,148.70732348258892,0,1,1,0
1.6800000000000002e-05,-0.2464730850068039,-21.54482057015681,149.08843239605002,0,1,1,0
1.6825000000000002e-05,-0.2698447413180674,-21.622710073245564,149.47005732349248,0,1,1,0
1.6850000000000003e-05,-0.29346570550581863,-21.700922900602237,149.85220036567492,0,1,1,0
1.6875e-05,-0.3173441000524447,-21.77946747685886,150.2348636376449,0,1,1,0
1.69e-05,-0.3414884972784341,-21.858490252486703,150.6190122864579,0,1,1,0
1.6925e-05,-0.36590795495216766,-21.938090725335098,151.0052793926805,0,1,1,0
1.6950000000000002e-05,-0.39061205560305684,-22.01828353119783,151.3937003291634,0,1,1,0
1.6975000000000003e-05,-0.41561095001936493,-22.099084016177773,151.78431146310888,0,1,1,0
1.7e-05,-0.440915405487696,-22.18050829057571,152.1771501956161,0,1,1,0
1.7025e-05,-0.46653685942083806,-22.262573288459453,152.5722550032703,0,1,1,0
1.705e-05,-0.49248747912742274,-22.345296833685502,152.96966548190656,0,1,1,0
1.7075e-05,-0.518780228604492,-22.42869771327428,153.3694223926885,0,1,1,0
1.7100000000000002e-05,-0.5454289433872841,-22.512795759194937,153.77156771065356,0,1,1,0
1.7125000000000003e-05,-0.5724484146753266,-22.59761193980215,154.17614467588774,0,1,1,0
1.7150000000000004e-05,-0.5998544841778302,-22.683168462393017,154.5831978475063,0,1,1,0
1.7175e-05,-0.6276641513940616,-22.769488888626963,154.99277316063032,0,1,1,0
1.72e-05,-0.6558956953782354,-22.85659826488749,155.4049179865648,0,1,1,0
1.7225000000000002e-05,-0.6845688134495145,-22.944470058125148,155.81930871272945,0,1,1,0
1.7250000000000003e-05,-0.7137047798168067,-23.033129871159172,156.23597563939654,0,1,1,0
1.7275e-05,-0.7433266277225306,-23.122606145110733,156.65495662171742,0,1,1,0
1.73e-05,-0.773459359505545,-23.21292944160361,157.07629057468645,0,1,1,0
1.7325e-05,-0.8041301899892027,-23.304132692149103,157.5000175151193,0,1,1,0
1.735e-05,-0.835368829880825,-23.396251487851096,157.9261786057919,0,1,1,0
1.7375000000000002e-05,-0.8672078175118655,-23.4893244177801,158.35481620187764,0,1,1,0
1.7400000000000003e-05,-0.8996829093744682,-23.583393466493153,158.7859738998308,0,1,1,0
1.7425000000000003e-05,-0.9328335426876158,-23.678504483955503,159.21969658887522,0,1,1,0
1.745e-05,-0.9667033868898525,-23.77470774478561,159.65603050527028,0,1,1,0
1.7475e-05,-1.0013410058399201,-23.872058618631172,160.09502328953877,0,1,1,0
1.7500000000000002e-05,-1.0368026217390056,-23.970568528687807,160.5363613486416,0,1,1,0
1.7525000000000002e-05,-1.0732019563580821,-24.070166739008005,160.97875347854946,0,1,1,0
1.755e-05,-1.1106168219591697,-24.17093214509039,161.42220726191854,0,1,1,0
1.7575e-05,-1.149136354837057,-24.27295497951008,161.86673037271115,0,1,1,0
1.76e-05,-1.1888634539923353,-24.3763392508126,162.31233057774185,0,1,1,0
1.7625e-05,-1.2299179365716209,-24.48120589917983,162.75901573825746,0,1,1,0
1.7650000000000002e-05,-1.272440684628355,-24.58769694342146,163.20679381155173,0,1,1,0
1.7675000000000003e-05,-1.316599190935917,-24.69598102702388,163.65567285261574,0,1,1,0
1.7700000000000003e-05,-1.3625951250783117,-24.80626098448186,164.10566101582484,0,1,1,0
1.7725000000000004e-05,-1.4106748943754914,-24.918784402470244,164.55676655666326,0,1,1,0
1.775e-05,-1.4611447807536542,-25.033858756966147,165.00899783348746,0,1,1,0
1.7775000000000002e-05,-1.5143933210542855,-25.151866937480417,165.46231531498293,0,1,1,0
1.78e-05,-1.5709256435206143,-25.272976813409098,165.9143581892194,0,1,1,0
1.7825e-05,-1.6314185595120185,-25.397866724883492,166.36513715760032,0,1,1,0
1.785e-05,-1.6968139857798923,-25.52748009614194,166.81466277253432,0,1,1,0
1.7875e-05,-1.7684888968090346,-25.663195388283967,167.26294544032453,0,1,1,0
1.79e-05,-1.8485944150965914,-25.80716518995176,167.7099954239862,0,1,1,0
1.7925000000000002e-05,-1.9408242863170377,-25.963084692887723,168.15582284599478,0,1,1,0
1.7950000000000003e-05,-2.052518295962843,-26.138295108958083,168.60043769096666,0,1,1,0
1.7975000000000003e-05,-2.1859916456081296,-26.33511304679019,169.04384980827442,0,1,1,0
1.8000000000000004e-05,-2.3317579860330087,-26.54405354526139,169.4860689145987,0,1,1,0
1.8025e-05,-2.3317579860330087,-2.3317579860330087,168.85110264928386,1,0,1,0
1.805e-05,-2.3317579860330087,-2.3317579860330087,168.21368710159228,1,0,1,0
1.8075000000000002e-05,-2.3317579860330087,-2.3317579860330087,167.5737937450136,1,0,1,0
1.81e-05,-2.3317579860330087,-2.3317579860330087,166.93139349540024,1,0,1,0
1.8125e-05,-2.3317579860330087,-2.3317579860330087,166.2864566955948,1,0,1,0
1.815e-05,-2.3317579860330087,-2.3317579860330087,165.6389530995086,1,0,1,0
1.8175e-05,-2.3317579860330087,-2.3317579860330087,164.988851855627,1,0,1,0
1.8200000000000002e-05,-2.3317579860330087,-2.3317579860330087,164.33620710248786,1,0,1,0
1.8225000000000003e-05,-2.3317579860330087,-2.3317579860330087,163.6859157959865,1,0,1,0
1.8250000000000003e-05,-2.3317579860330087,-2.3317579860330087,163.03795262856835,1,0,1,0
1.8275000000000004e-05,-2.3317579860330087,-2.3317579860330087,162.39229274334082,1,0,1,0
1.83e-05,-2.3317579860330087,-2.3317579860330087,161.7489117229118,1,0,1,0
1.8325e-05,-2.3317579860330087,-2.3317579860330087,161.10778557858154,1,0,1,0
1.8350000000000002e-05,-2.3317579860330087,-2.3317579860330087,160.46889073987373,1,0,1,0
1.8375e-05,-2.3317579860330087,-2.3317579860330087,159.8322040443934,1,0,1,0
1.84e-05,-2.3317579860330087,-2.3317579860330087,159.1986201244823,1,0,1,0
1.8425e-05,-2.3317579860330087,-2.3317579860330087,158.5706068004827,1,0,1,0
1.845e-05,-2.3317579860330087,-2.3317579860330087,157.9480192622811,1,0,1,0
1.8475000000000002e-05,-2.3317579860330087,-2.3317579860330087,157.3307188773449,1,0,1,0
1.8500000000000002e-05,-2.3317579860330087,-2.3317579860330087,156.71857282753308,1,0,1,0
1.8525000000000003e-05,-2.3317579860330087,-2.3317579860330087,156.1114537729309,1,0,1,0
1.8550000000000004e-05,-2.3317579860330087,-2.3317579860330087,155.5092395402893,1,0,1,0
1.8575e-05,-2.3317579860330087,-2.3317579860330087,154.91181283390154,1,0,1,0
1.86e-05,-2.3317579860330087,-2.3317579860330087,154.31917613179715,1,0,1,0
1.8625000000000002e-05,-2.3317579860330087,-2.3317579860330087,153.73186421821808,1,0,1,0
1.865e-05,-2.3317579860330087,-2.3317579860330087,153.149735683759,1,0,1,0
1.8675e-05,-2.3317579860330087,-2.3317579860330087,152.57265527974644,1,0,1,0
1.87e-05,-2.3317579860330087,-2.3317579860330087,152.00049354846425,1,0,1,0
1.8725e-05,-2.3317579860330087,-2.3317579860330087,151.4331264814591,1,0,1,0
1.8750000000000002e-05,-2.3317579860330087,-2.3317579860330087,150.87043520336175,1,0,1,0
1.8775000000000002e-05,-2.3317579860330087,-2.3317579860330087,150.31230567893107,1,0,1,0
1.8800000000000003e-05,-2.3317579860330087,-2.3317579860330087,149.7586284412688,1,0,1,0
1.8825000000000004e-05,-2.3317579860330087,-2.3317579860330087,149.2078854718556,1,0,1,0
1.885e-05,-2.3317579860330087,-2.3317579860330087,148.65822056888422,1,0,1,0
1.8875e-05,-2.3317579860330087,-2.3317579860330087,148.10962742207508,1,0,1,0
1.8900000000000002e-05,-2.3317579860330087,-2.3317579860330087,147.5620997824934,1,0,1,0
1.8925e-05,-2.3317579860330087,-2.3317579860330087,147.01563146171725,1,0,1,0
1.895e-05,-2.3317579860330087,-2.3317579860330087,146.47021633102017,1,0,1,0
1.8975e-05,-2.3317579860330087,-2.3317579860330087,145.92584832056784,1,0,1,0
1.9e-05,-2.3317579860330087,-2.3317579860330087,145.38252141862858,1,0,1,0
1.9025e-05,-2.3317579860330087,-2.3317579860330087,144.84022967079758,1,0,1,0
1.9050000000000002e-05,-2.3317579860330087,-2.3317579860330087,144.29922365109772,1,0,1,0
1.9075000000000003e-05,-2.3317579860330087,-2.3317579860330087,143.76010297456278,1,0,1,0
1.9100000000000003e-05,-2.3317579860330087,-2.3317579860330087,143.2228480444339,1,0,1,0
1.9125000000000004e-05,-2.3317579860330087,-2.3317579860330087,142.68743960133733,1,0,1,0
1.915e-05,-2.3317579860330087,-2.3317579860330087,142.15385871520422,1,0,1,0
1.9175000000000002e-05,-2.3317579860330087,-2.3317579860330087,141.6220867774375,1,0,1,0
1.92e-05,-2.3317579860330087,-2.3317579860330087,141.09210549331684,1,0,1,0
1.9225e-05,-2.3317579860330087,-2.3317579860330087,140.56389687463292,1,0,1,0
1.925e-05,-2.3317579860330087,-2.3317579860330087,140.0374432325424,1,0,1,0
1.9275e-05,-2.3317579860330087,-2.3317579860330087,139.5127271706358,1,0,1,0
1.93e-05,-2.3317579860330087,-2.3317579860330087,138.9956958291154,1,0,1,0
1.9325000000000002e-05,-2.3317579860330087,-2.3317579860330087,138.48645308633124,1,0,1,0
1.9350000000000003e-05,-2.3317579860330087,-2.3317579860330087,137.98465558746733,1,0,1,0
1.9375000000000003e-05,-2.3317579860330087,-2.3317579860330087,137.4899845544061,1,0,1,0
1.9400000000000004e-05,-2.3317579860330087,-2.3317579860330087,137.00214338677873,1,0,1,0
1.9425e-05,-2.3317579860330087,-2.3317579860330087,136.52085555634525,1,0,1,0
1.9450000000000002e-05,-2.3317579860330087,-2.3317579860330087,136.04586275197738,1,0,1,0
1.9475000000000002e-05,-2.3317579860330087,-2.3317579860330087,135.57692323968917,1,0,1,0
1.95e-05,-2.3317579860330087,-2.3317579860330087,135.11381040797767,1,0,1,0
1.9525e-05,-2.3317579860330087,-2.3317579860330087,134.65631147348117,1,0,1,0
1.955e-05,-2.3317579860330087,-2.3317579860330087,134.2048752365619,1,0,1,0
1.9575e-05,-2.3317579860330087,-2.3317579860330087,133.7594720895919,1,0,1,0
1.9600000000000002e-05,-2.3317579860330087,-2.3317579860330087,133.31986542493908,1,0,1,0
1.9625000000000003e-05,-2.3317579860330087,-2.3317579860330087,132.88583374461663,1,0,1,0
1.9650000000000003e-05,-2.3317579860330087,-2.3317579860330087,132.45716934076694,1,0,1,0
1.9675000000000004e-05,-2.3317579860330087,-2.3317579860330087,132.03367712088638,1,0,1,0
1.97e-05,-2.3317579860330087,-2.3317579860330087,131.6151735588278,1,0,1,0
1.9725000000000002e-05,-2.3317579860330087,-2.3317579860330087,131.2014857554874,1,0,1,0
1.9750000000000002e-05,-2.3317579860330087,-2.3317579860330087,130.79245059546352,1,0,1,0
1.9775e-05,-2.3317579860330087,-2.3317579860330087,130.3879139879569,1,0,1,0
1.98e-05,-2.3317579860330087,-2.3317579860330087,129.98773018184116,1,0,1,0
1.9825e-05,-2.3317579860330087,-2.3317579860330087,129.59178478450542,1,0,1,0
1.985e-05,-2.3317579860330087,-2.3317579860330087,129.2006682454114,1,0,1,0
1.9875000000000002e-05,-2.3317579860330087,-2.3317579860330087,128.81420741208407,1,0,1,0
1.9900000000000003e-05,-2.3317579860330087,-2.3317579860330087,128.43223926200832,1,0,1,0
1.9925000000000003e-05,-2.3317579860330087,-2.3317579860330087,128.05461009060568,1,0,1,0
1.9950000000000004e-05,-2.3317579860330087,-2.3317579860330087,127.68117478112711,1,0,1,0
1.9975e-05,-2.3317579860330087,-2.3317579860330087,127.31179614657374,1,0,1,0
